Time [s],"Range, Const V [km]","Range, Retro-Thrust Firing [km]"
0,0.012889017,0.025083121
0.1,0.049248294,0.039165846
0.2,0.075937772,0.066367167
0.3,0.115324249,0.101781374
0.4,0.136444792,0.122025755
0.5,0.163955837,0.12428815
0.6,0.188816339,0.151677531
0.7,0.199273434,0.14042602
0.8,0.229408603,0.172554332
0.9,0.242902796,0.175272558
1,0.324385306,0.210981355
1.1,0.332325091,0.20997475
1.2,0.318050489,0.193033494
1.3,0.375278062,0.196843816
